uid,prior_quarter,current_annual,difference,%_diff
AMERICO S VOTA,92340.04,113910.94,21570.90000000001,0.23360288776136562
MAKEBA  HARDY THOMAS,98809.88,103842.96,5033.080000000002,0.05093701156200181
TARA L CHICHARRO,67571.92,70039.06,2467.1399999999994,0.03651132008680524
VICTORIA E SCOTT,58119.1,60171.02,2051.9199999999983,0.03530543315364487
